{"metro_avg": 153818.30701754385, "suburb_avg": 145286.69565217392, "total_avg": 150957.85422740525}