{"metro_avg": 35317.798590130915, "suburb_avg": 35248.88185654009, "total_avg": 35295.53101567826}