{"metro_avg": 1539.6011238421354, "suburb_avg": 2074.751024462933, "total_avg": 1679.3767514270887}